start,end,title,attendees,calendarId
2026-11-16T09:00:00,2026-11-16T09:30:00,Welcome,John Doe,extra
2026-11-16T09:30:00,2026-11-16T10:00:00,Intro to topic,John Doe,session
2026-11-16T10:00:00,2026-11-16T10:30:00,Break,,free
2026-11-16T10:30:00,2026-11-16T12:00:00,Intro to topic,John Doe,session
2026-11-16T12:00:00,2026-11-16T13:00:00,Lunch,,free
2026-11-16T13:00:00,2026-11-16T15:00:00,Intro to topic,John Doe,session
2026-11-16T15:00:00,2026-11-16T15:30:00,Break,,free
2026-11-16T15:30:00,2026-11-16T17:00:00,Intro to topic,John Doe,session
2026-11-17T09:00:00,2026-11-17T10:00:00,File types and architecture,John Doe,session
2026-11-17T10:00:00,2026-11-17T10:30:00,Break,,free
2026-11-17T10:30:00,2026-11-17T11:00:00,File types and architecture,John Doe,session
2026-11-17T11:00:00,2026-11-17T12:00:00,Better terminal experience,John Doe,session
2026-11-17T12:00:00,2026-11-17T13:00:00,Lunch,,free
2026-11-17T13:00:00,2026-11-17T14:00:00,Quality control,Max Musterman,session
2026-11-17T14:00:00,2026-11-17T15:00:00,Advanced topic,John Doe,session
2026-11-17T15:00:00,2026-11-17T15:30:00,Break,,free
2026-11-17T15:30:00,2026-11-17T17:00:00,Advanced topic,John Doe,session
2026-11-18T09:00:00,2026-11-18T10:00:00,Upcoming technologies,NGI,session
2026-11-18T10:00:00,2026-11-18T10:30:00,Break,,free
2026-11-18T10:30:00,2026-11-18T11:30:00,Upcoming technologies,NGI,session
2026-11-18T11:30:00,2026-11-18T12:00:00,Lab tour,NGI,extra
2026-11-18T12:00:00,2026-11-18T13:00:00,Lunch,,free
2026-11-18T13:00:00,2026-11-18T15:00:00,Intro to topic,Jane Doe,session
2026-11-18T15:00:00,2026-11-18T15:30:00,Break,,free
2026-11-18T15:30:00,2026-11-18T17:00:00,Intro to topic,Jane Doe,session
2026-11-18T18:00:00,2026-11-18T21:00:00,Course dinner,John Doe,extra
2026-11-19T09:00:00,2026-11-19T10:00:00,Intro to topic,Jane Doe,session
2026-11-19T10:00:00,2026-11-19T10:30:00,Break,,free
2026-11-19T10:30:00,2026-11-19T12:00:00,Exercises,Jane Doe,session
2026-11-19T12:00:00,2026-11-19T13:00:00,Lunch,,free
2026-11-19T13:00:00,2026-11-19T15:00:00,Intro to topic,Rahul Singh,session
2026-11-19T15:00:00,2026-11-19T15:30:00,Break,,free
2026-11-19T15:30:00,2026-11-19T17:00:00,Intro to topic,Rahul Singh,session
2026-11-20T09:00:00,2026-11-20T10:00:00,Exercises,Rahul Singh,session
2026-11-20T10:00:00,2026-11-20T10:30:00,Break,,free
2026-11-20T10:30:00,2026-11-20T12:00:00,Exercises,Rahul Singh,session
2026-11-20T12:00:00,2026-11-20T13:00:00,Lunch,,free
2026-11-20T13:00:00,2026-11-20T14:00:00,Intro to topic,DM,session
2026-11-20T14:00:00,2026-11-20T14:15:00,Conclusion,Carl Smith,session
2026-11-20T14:15:00,2026-11-20T14:30:00,Feedback,Rahul Singh,extra